month,total_revenue,previous_month_revenue
1,337649.3700000001,NULL
2,310485.9200000002,337649.3700000001
3,343040.57999999967,310485.9200000002
4,332618.8399999987,343040.57999999967
5,336186.6900000013,332618.8399999987
6,325254.66000000003,336186.6900000013
7,346971.2900000002,325254.66000000003
8,337085.5100000001,346971.2900000002
9,323541.7700000007,337085.5100000001
10,325463.3000000013,323541.7700000007
11,331376.23000000074,325463.3000000013
12,328140.8400000002,331376.23000000074
