weather,total_revenue
rainy,1320555.149999999
snowy,1342773.969999995
sunny,1314485.8800000064
