weather,ride_count,average_fare
rainy,25083,52.64741657696444
snowy,25589,52.474655906834776
sunny,25128,52.311599808978286
